{
  "type": "minecraft:chest",
  "pools": [
    {
      "bonus_rolls": 0.0,
      "entries": [
        {
          "type": "minecraft:item",
          "functions": [
            {
              "add": false,
              "count": {
                "type": "minecraft:uniform",
                "max": 6.0,
                "min": 3.0
              },
              "function": "minecraft:set_count"
            }
          ],
          "name": "minecraft:iron_block",
          "weight": 2
        },
        {
          "type": "minecraft:item",
          "functions": [
            {
              "add": false,
              "count": {
                "type": "minecraft:uniform",
                "max": 3.0,
                "min": 2.0
              },
              "function": "minecraft:set_count"
            }
          ],
          "name": "minecraft:emerald_block",
          "weight": 2
        },
        {
          "type": "minecraft:item",
          "name": "minecraft:enchanted_golden_apple"
        },
        {
          "type": "minecraft:item",
          "name": "minecraft:diamond_block"
        },
        {
          "type": "minecraft:item",
          "name": "minecraft:gold_block",
		  "functions": [
            {
              "add": false,
              "count": {
                "type": "minecraft:uniform",
                "max": 3.0,
                "min": 2.0
              },
              "function": "minecraft:set_count"
            }
          ]
        },
        {
          "type": "minecraft:item",
          "name": "minecraft:lapis_block",
		      "functions": [
            {
              "add": false,
              "count": {
                "type": "minecraft:uniform",
                "max": 8.0,
                "min": 5.0
              },
              "function": "minecraft:set_count"
            }
          ]
        }
      ],
      "rolls": 2.0
    },
    {
      "bonus_rolls": 0.0,
      "entries": [
        {
          "type": "minecraft:item",
          "functions": [
            {
              "add": false,
              "count": {
                "type": "minecraft:uniform",
                "max": 16.0,
                "min": 8.0
              },
              "function": "minecraft:set_count"
            }
          ],
          "name": "minecraft:golden_carrot",
          "weight": 5
        },
        {
          "type": "minecraft:item",
          "functions": [
            {
              "add": false,
              "count": {
                "type": "minecraft:uniform",
                "max": 8.0,
                "min": 4.0
              },
              "function": "minecraft:set_count"
            }
          ],
          "name": "minecraft:golden_apple",
          "weight": 5
        },
        {
          "type": "minecraft:item",
          "name": "minecraft:music_disc_strad"
        },
        {
          "type": "minecraft:item",
          "name": "minecraft:saddle"
        },
        {
          "type": "minecraft:item",
          "name": "minecraft:diamond_horse_armor"
        },
        {
          "type": "minecraft:item",
          "functions": [
            {
              "function": "minecraft:set_instrument",
              "options": "#minecraft:regular_goat_horns"
            }
          ],
          "name": "minecraft:goat_horn"
        },
        {
          "type": "minecraft:item",
          "functions": [
            {
              "options": "minecraft:frost_walker",
              "function": "minecraft:enchant_randomly"
            }
          ],
          "name": "minecraft:book"
        },
		    {
          "type": "minecraft:item",
          "name": "minecraft:wind_charge",
		      "functions": [
            {
              "add": false,
              "count": {
                "type": "minecraft:uniform",
                "max": 45.0,
                "min": 15.0
              },
              "function": "minecraft:set_count"
            }
          ],
          "weight": 5
        }
      ],
      "rolls": 2.0
    },
    {
      "bonus_rolls": 0.0,
      "entries": [
        {
          "type": "minecraft:item",
          "functions": [
            {
              "add": false,
              "count": {
                "type": "minecraft:uniform",
                "max": 4.0,
                "min": 2.0
              },
              "function": "minecraft:set_count"
            }
          ],
          "name": "minecraft:experience_bottle",
          "weight": 5
        },
        {
          "type": "minecraft:item",
          "functions": [
            {
              "function": "minecraft:enchant_with_levels",
              "levels": {
                "type": "minecraft:uniform",
                "max": 40.0,
                "min": 10.0
              },
              "options": "#nova_structures:structure/lone_citadel"
            }
          ],
          "name": "minecraft:diamond_helmet",
          "weight": 5
        },
		    {
          "type": "minecraft:item",
          "functions": [
            {
              "function": "minecraft:enchant_with_levels",
              "levels": {
                "type": "minecraft:uniform",
                "max": 40.0,
                "min": 10.0
              },
              "options": "#nova_structures:structure/lone_citadel"
            }
          ],
          "name": "minecraft:diamond_chestplate",
          "weight": 3
        },
		    {
          "type": "minecraft:item",
          "functions": [
            {
              "function": "minecraft:enchant_with_levels",
              "levels": {
                "type": "minecraft:uniform",
                "max": 40.0,
                "min": 10.0
              },
              "options": "#nova_structures:structure/lone_citadel"
            }
          ],
          "name": "minecraft:diamond_leggings",
          "weight": 3
        },
		    {
          "type": "minecraft:item",
          "functions": [
            {
              "function": "minecraft:enchant_with_levels",
              "levels": {
                "type": "minecraft:uniform",
                "max": 40.0,
                "min": 10.0
              },
              "options": "#nova_structures:structure/lone_citadel"
            }
          ],
          "name": "minecraft:diamond_boots",
          "weight": 3
        },
        {
          "type": "minecraft:item",
          "functions": [
            {
              "function": "minecraft:enchant_with_levels",
              "levels": {
                "type": "minecraft:uniform",
                "max": 40.0,
                "min": 10.0
              },
              "options": "#nova_structures:structure/lone_citadel"
            }
          ],
          "name": "minecraft:diamond_pickaxe",
          "weight": 3
        },
        {
          "type": "minecraft:item",
          "functions": [
            {
              "function": "minecraft:enchant_with_levels",
              "levels": {
                "type": "minecraft:uniform",
                "max": 40.0,
                "min": 10.0
              },
              "options": "#nova_structures:structure/lone_citadel"
            }
          ],
          "name": "minecraft:diamond_axe",
          "weight": 3
        },
		{
          "type": "minecraft:item",
          "functions": [
            {
              "options": "#nova_structures:aerials_bane",
              "function": "minecraft:enchant_randomly"
            }
          ],
          "name": "minecraft:book",
          "weight": 3
        }
      ],
      "rolls": 1.0
    },
    {
      "bonus_rolls": 0.0,
      "entries": [
        {
          "type": "minecraft:item",
          "name": "minecraft:flow_armor_trim_smithing_template"
        },
        {
          "type": "minecraft:item",
          "functions": [
            {
              "function": "enchant_with_levels",
              "levels": 45,
              "options": "#nova_structures:structure/lone_citadel"
            }
          ],
          "name": "minecraft:crossbow",
          "weight": 100
        }
      ],
      "rolls": 1.0
    }
  ],
  "functions": [
    {
      "function": "minecraft:reference",
      "name": "nova_structures:loot_modifier"
    }
  ]
}