{
  "type": "minecraft:chest",
  "pools": [
    {
      "bonus_rolls": 0.0,
      "entries": [
        {
          "type": "minecraft:item",
          "functions": [
            {
              "add": false,
              "count": {
                "type": "minecraft:uniform",
                "max": 2.0,
                "min": 1.0
              },
              "function": "minecraft:set_count"
            }
          ],
          "name": "minecraft:ender_pearl"
        },
        {
          "type": "minecraft:item",
          "functions": [
            {
              "add": false,
              "count": {
                "type": "minecraft:uniform",
                "max": 3.0,
                "min": 1.0
              },
              "function": "minecraft:set_count"
            }
          ],
          "name": "minecraft:end_crystal",
          "weight": 2
        },
        {
          "type": "minecraft:item",
          "functions": [
            {
              "add": false,
              "count": {
                "type": "minecraft:uniform",
                "max": 2.0,
                "min": 1.0
              },
              "function": "minecraft:set_count"
            }
          ],
          "name": "minecraft:ghast_tear",
          "weight": 5
        },
        {
          "type": "minecraft:item",
          "functions": [
            {
              "add": false,
              "count": {
                "type": "minecraft:uniform",
                "max": 6.0,
                "min": 3.0
              },
              "function": "minecraft:set_count"
            }
          ],
          "name": "minecraft:diamond",
          "weight": 5
        },
        {
          "type": "minecraft:item",
          "functions": [
            {
              "add": false,
              "count": {
                "type": "minecraft:uniform",
                "max": 8.0,
                "min": 5.0
              },
              "function": "minecraft:set_count"
            }
          ],
          "name": "minecraft:iron_ingot",
          "weight": 2
        },
        {
          "type": "minecraft:item",
          "functions": [
            {
              "add": false,
              "count": {
                "type": "minecraft:uniform",
                "max": 2.0,
                "min": 1.0
              },
              "function": "minecraft:set_count"
            }
          ],
          "name": "minecraft:gold_block",
          "weight": 2
        },
        {
          "type": "minecraft:item",
          "functions": [
            {
              "add": false,
              "count": {
                "type": "minecraft:uniform",
                "max": 8.0,
                "min": 2.0
              },
              "function": "minecraft:set_count"
            }
          ],
          "name": "minecraft:gold_ingot",
          "weight": 5
        },
        {
          "type": "minecraft:item",
          "functions": [
            {
              "add": false,
              "count": {
                "type": "minecraft:uniform",
                "max": 8.0,
                "min": 2.0
              },
              "function": "minecraft:set_count"
            }
          ],
          "name": "minecraft:emerald",
          "weight": 5
        },
        {
          "type": "minecraft:item",
          "name": "minecraft:emerald_block",
          "weight": 3
        },
        {
          "type": "minecraft:item",
          "name": "minecraft:diamond_block",
          "weight": 2
        },
        {
          "type": "minecraft:item",
          "functions": [
            {
              "add": false,
              "count": {
                "type": "minecraft:uniform",
                "max": 3.0,
                "min": 1.0
              },
              "function": "minecraft:set_count"
            }
          ],
          "name": "minecraft:name_tag",
          "weight": 5
        },
        {
          "type": "minecraft:item",
          "functions": [
            {
              "add": false,
              "count": {
                "type": "minecraft:uniform",
                "max": 8.0,
                "min": 3.0
              },
              "function": "minecraft:set_count"
            }
          ],
          "name": "minecraft:blaze_powder",
          "weight": 2
        },
        {
          "type": "minecraft:item",
          "functions": [
            {
              "add": false,
              "count": {
                "type": "minecraft:uniform",
                "max": 3.0,
                "min": 2.0
              },
              "function": "minecraft:set_count"
            }
          ],
          "name": "minecraft:blaze_rod",
          "weight": 2
        },
        {
          "type": "minecraft:item",
          "name": "minecraft:ender_eye",
          "weight": 2
        },
        {
          "type": "minecraft:item",
          "name": "minecraft:potion",
          "functions": [
            {
              "function": "set_potion",
              "id": "slow_falling"
            }
          ]
        },
        {
          "type": "minecraft:item",
          "name": "splash_potion",
          "functions": [
            {
              "function": "set_potion",
              "id": "slow_falling"
            }
          ],
          "weight": 1
        },
        {
          "type": "minecraft:item",
          "name": "lingering_potion",
          "functions": [
            {
              "function": "set_potion",
              "id": "slow_falling"
            }
          ],
          "weight": 1
        },
        {
          "type": "minecraft:item",
          "name": "minecraft:tipped_arrow",
          "functions": [
            {
              "function": "set_potion",
              "id": "slow_falling"
            },
            {
              "function": "set_count",
              "count": {
                "max": 16,
                "min": 10,
                "type": "uniform"
              }
            }
          ],
          "weight": 10
        },
        {
          "type": "minecraft:loot_table",
          "value": "nova_structures:special_items/levitation_arrow",
          "weight": 10
        },
        {
          "type": "minecraft:loot_table",
          "value": "nova_structures:special_items/levitation_potion"
        },
        {
          "type": "minecraft:loot_table",
          "value": "nova_structures:special_items/levitation_splash_potion"
        },
        {
          "type": "minecraft:loot_table",
          "value": "nova_structures:special_items/levitation_lingering_potion"
        }
      ],
      "rolls": 3
    },
    {
      "bonus_rolls": 0.0,
      "entries": [
        {
          "type": "minecraft:item",
          "functions": [
            {
              "function": "enchant_with_levels",
              "levels": 30,
              "options": "#nova_structures:structure/end"
            }
          ],
          "name": "minecraft:iron_helmet"
        },
        {
          "type": "minecraft:item",
          "functions": [
            {
              "function": "enchant_with_levels",
              "levels": 30,
              "options": "#nova_structures:structure/end"
            }
          ],
          "name": "minecraft:iron_chestplate"
        },
        {
          "type": "minecraft:item",
          "functions": [
            {
              "function": "enchant_with_levels",
              "levels": 30,
              "options": "#nova_structures:structure/end"
            }
          ],
          "name": "minecraft:iron_leggings"
        },
        {
          "type": "minecraft:item",
          "functions": [
            {
              "function": "enchant_with_levels",
              "levels": 30,
              "options": "#nova_structures:structure/end"
            }
          ],
          "name": "minecraft:iron_boots"
        },
        {
          "type": "minecraft:item",
          "functions": [
            {
              "function": "enchant_with_levels",
              "levels": 30,
              "options": "#nova_structures:structure/end"
            }
          ],
          "name": "minecraft:iron_sword"
        },
        {
          "type": "minecraft:item",
          "functions": [
            {
              "function": "enchant_with_levels",
              "levels": 30,
              "options": "#nova_structures:structure/end"
            }
          ],
          "name": "minecraft:iron_axe"
        },
        {
          "type": "minecraft:item",
          "name": "minecraft:book",
          "functions": [
            {
              "function": "enchant_with_levels",
              "levels": 20,
              "options": "#nova_structures:structure/end"
            }
          ]
        },
        {
          "type": "minecraft:item",
          "functions": [
            {
              "function": "enchant_with_levels",
              "levels": 20,
              "options": "#nova_structures:structure/end"
            }
          ],
          "name": "minecraft:crossbow",
          "weight": 2
        }
      ],
      "rolls": {
        "min": 0,
        "max": 1,
        "type": "uniform"
      }
    },
    {
      "bonus_rolls": 0.0,
      "entries": [
        {
          "type": "minecraft:item",
          "functions": [
            {
              "function": "enchant_with_levels",
              "levels": 20,
              "options": "#nova_structures:structure/end"
            }
          ],
          "name": "minecraft:diamond_helmet"
        },
        {
          "type": "minecraft:item",
          "functions": [
            {
              "function": "enchant_with_levels",
              "levels": 20,
              "options": "#nova_structures:structure/end"
            }
          ],
          "name": "minecraft:diamond_chestplate"
        },
        {
          "type": "minecraft:item",
          "functions": [
            {
              "function": "enchant_with_levels",
              "levels": 20,
              "options": "#nova_structures:structure/end"
            }
          ],
          "name": "minecraft:diamond_leggings"
        },
        {
          "type": "minecraft:item",
          "functions": [
            {
              "function": "enchant_with_levels",
              "levels": 20,
              "options": "#nova_structures:structure/end"
            }
          ],
          "name": "minecraft:diamond_boots"
        },
        {
          "type": "minecraft:item",
          "functions": [
            {
              "function": "enchant_with_levels",
              "levels": 30,
              "options": "#nova_structures:structure/end"
            }
          ],
          "name": "minecraft:diamond_sword"
        },
        {
          "type": "minecraft:item",
          "functions": [
            {
              "function": "enchant_with_levels",
              "levels": 30,
              "options": "#nova_structures:structure/end"
            }
          ],
          "name": "minecraft:diamond_axe"
        },
        {
          "type": "minecraft:item",
          "name": "minecraft:book",
          "functions": [
            {
              "function": "enchant_with_levels",
              "levels": 30,
              "options": "#nova_structures:structure/end"
            }
          ]
        }
      ],
      "rolls": 1
    },
    {
      "rolls": 1,
      "bonus_rolls": 0.0,
      "entries": [
        {
          "type": "minecraft:empty",
          "weight": 60
        },
        {
          "type": "item",
          "name": "minecraft:spire_armor_trim_smithing_template",
          "weight": 4
        },
        {
          "type": "item",
          "name": "minecraft:eye_armor_trim_smithing_template",
          "weight": 6
        }
      ]
    },
    {
      "rolls": 1,
      "bonus_rolls": 0.0,
      "entries": [
        {
          "type": "empty",
          "weight": 4
        },
        {
          "type": "minecraft:item",
          "functions": [
            {
              "function": "minecraft:enchant_randomly",
              "options": "#nova_structures:gravity"
            }
          ],
          "name": "minecraft:book",
          "weight": 4
        },
		{
          "type": "minecraft:item",
          "functions": [
            {
              "function": "minecraft:enchant_randomly",
              "options": "#nova_structures:aerials_bane"
            }
          ],
          "name": "minecraft:book",
          "weight": 2
        }
      ]
    }
  ],
  "functions": [
    {
      "function": "minecraft:reference",
      "name": "nova_structures:loot_modifier"
    }
  ]
}