{
  "type": "minecraft:chest",
  "pools": [
    {
      "bonus_rolls": 0.0,
      "entries": [
        {
          "type": "minecraft:item",
          "functions": [
            {
              "add": false,
              "count": {
                "type": "minecraft:uniform",
                "max": 6.0,
                "min": 3.0
              },
              "function": "minecraft:set_count"
            }
          ],
          "name": "minecraft:experience_bottle"
        },
        {
          "type": "minecraft:loot_table",
          "value": "nova_structures:special_items/levitation_arrow"
        },
        {
          "type": "minecraft:loot_table",
          "value": "nova_structures:special_items/levitation_potion"
        },
        {
          "type": "minecraft:loot_table",
          "value": "nova_structures:special_items/levitation_splash_potion"
        },
        {
          "type": "minecraft:loot_table",
          "value": "nova_structures:special_items/levitation_lingering_potion"
        },
        {
          "type": "minecraft:item",
          "functions": [
            {
              "function": "enchant_with_levels",
              "levels": 20,
              "options": "#nova_structures:structure/end"
            }
          ],
          "name": "minecraft:crossbow",
          "weight": 2
        }
      ],
      "rolls": {
        "min": 1,
        "max": 2,
        "type": "uniform"
      }
    },
    {
      "bonus_rolls": 0.0,
      "entries": [
        {
          "type": "minecraft:item",
          "functions": [
            {
              "function": "enchant_with_levels",
              "levels": 20,
              "options": "#nova_structures:structure/end"
            }
          ],
          "name": "minecraft:diamond_helmet"
        },
        {
          "type": "minecraft:item",
          "functions": [
            {
              "function": "enchant_with_levels",
              "levels": 20,
              "options": "#nova_structures:structure/end"
            }
          ],
          "name": "minecraft:diamond_chestplate"
        },
        {
          "type": "minecraft:item",
          "functions": [
            {
              "function": "enchant_with_levels",
              "levels": 20,
              "options": "#nova_structures:structure/end"
            }
          ],
          "name": "minecraft:diamond_leggings"
        },
        {
          "type": "minecraft:item",
          "functions": [
            {
              "function": "enchant_with_levels",
              "levels": 20,
              "options": "#nova_structures:structure/end"
            }
          ],
          "name": "minecraft:diamond_boots"
        },
        {
          "type": "minecraft:item",
          "functions": [
            {
              "function": "enchant_with_levels",
              "levels": 30,
              "options": "#nova_structures:structure/end"
            }
          ],
          "name": "minecraft:diamond_sword"
        },
        {
          "type": "minecraft:item",
          "functions": [
            {
              "function": "enchant_with_levels",
              "levels": 30,
              "options": "#nova_structures:structure/end"
            }
          ],
          "name": "minecraft:diamond_axe"
        }
      ],
      "rolls": {
        "min": 0,
        "max": 1,
        "type": "uniform"
      }
    },
    {
      "bonus_rolls": 0.0,
      "entries": [
        {
          "type": "minecraft:item",
          "functions": [
            {
              "function": "enchant_with_levels",
              "levels": 30,
              "options": "#nova_structures:structure/end"
            }
          ],
          "name": "minecraft:iron_helmet"
        },
        {
          "type": "minecraft:item",
          "functions": [
            {
              "function": "enchant_with_levels",
              "levels": 30,
              "options": "#nova_structures:structure/end"
            }
          ],
          "name": "minecraft:iron_chestplate"
        },
        {
          "type": "minecraft:item",
          "functions": [
            {
              "function": "enchant_with_levels",
              "levels": 30,
              "options": "#nova_structures:structure/end"
            }
          ],
          "name": "minecraft:iron_leggings"
        },
        {
          "type": "minecraft:item",
          "functions": [
            {
              "function": "enchant_with_levels",
              "levels": 30,
              "options": "#nova_structures:structure/end"
            }
          ],
          "name": "minecraft:iron_boots"
        },
        {
          "type": "minecraft:item",
          "functions": [
            {
              "function": "enchant_with_levels",
              "levels": 30,
              "options": "#nova_structures:structure/end"
            }
          ],
          "name": "minecraft:iron_sword"
        },
        {
          "type": "minecraft:item",
          "functions": [
            {
              "function": "enchant_with_levels",
              "levels": 30,
              "options": "#nova_structures:structure/end"
            }
          ],
          "name": "minecraft:iron_axe"
        },
        {
          "type": "minecraft:item",
          "functions": [
            {
              "options": "#nova_structures:gravity",
              "function": "minecraft:enchant_randomly"
            }
          ],
          "name": "minecraft:book",
          "weight": 4
        }
      ],
      "rolls": 1.0
    },
    {
      "bonus_rolls": 0.0,
      "rolls": 1,
      "entries": [
        {
          "type": "minecraft:item",
          "name": "minecraft:golden_apple",
          "weight": 5
        },
        {
          "type": "minecraft:item",
          "name": "minecraft:enchanted_golden_apple",
          "weight": 2
        },
        {
          "type": "minecraft:item",
          "name": "minecraft:ender_eye",
          "weight": 2
        },
        {
          "type": "minecraft:loot_table",
          "value": "nova_structures:special_items/nausea_arrow",
          "weight": 5
        }
      ]
    },
    {
      "rolls": 1,
      "bonus_rolls": 0.0,
      "entries": [
        {
          "type": "item",
          "name": "minecraft:elytra",
          "functions": [
            {
              "function": "set_damage",
              "damage": {
                "min": 0.01,
                "max": 0.0
              }
            }
          ]
        }
      ]
    }
  ],
  "functions": [
    {
      "function": "minecraft:reference",
      "name": "nova_structures:loot_modifier"
    }
  ]
}