{
  "type": "minecraft:chest",
  "pools": [
    {
      "rolls": 1,
      "bonus_rolls": 0.0,
      "entries": [
        {
          "type": "minecraft:loot_table",
          "value": "nova_structures:charts/pillager_outpost",
          "weight": 2
        },
        {
          "type": "minecraft:loot_table",
          "value": "nova_structures:charts/ancient_city"
        }
      ]
    },
    {
      "rolls": 3,
      "bonus_rolls": 0.0,
      "entries": [
        {
          "type": "minecraft:item",
          "functions": [
            {
              "add": false,
              "count": 2,
              "function": "minecraft:set_count"
            }
          ],
          "name": "minecraft:paper"
        },
        {
          "type": "minecraft:item",
          "name": "minecraft:book"
        }
      ]
    },
    {
      "rolls": 3,
      "bonus_rolls": 0.0,
      "entries": [
        {
          "type": "minecraft:item",
          "name": "minecraft:orange_banner"
        },
        {
          "type": "minecraft:item",
          "name": "minecraft:red_banner"
        },
        {
          "type": "minecraft:item",
          "name": "minecraft:gray_banner"
        },
        {
          "type": "minecraft:item",
          "name": "minecraft:purple_banner"
        },
        {
          "type": "minecraft:item",
          "name": "minecraft:yellow_banner"
        },
        {
          "type": "minecraft:item",
          "name": "minecraft:blue_banner"
        }
      ]
    }
  ],
  "functions": [
    {
      "function": "minecraft:reference",
      "name": "nova_structures:loot_modifier"
    }
  ]
}