{
    "parent": "minecraft:end/enter_end_gateway",
    "criteria": {
        "end_lighthouse": {
            "conditions": {
                "player": [
                    {
                        "condition": "minecraft:entity_properties",
                        "entity": "this",
                        "predicate": {
                            "location": {
                                "structures": "nova_structures:end_lighthouse"
                            }
                        }
                    }
                ]
            },
            "trigger": "minecraft:location"
        }
    },
    "display": {
        "announce_to_chat": true,
        "description": {
            "translate": "advancement.dnt.end.find_end_lighthouse",
            "fallback": "Locate an End Lighthouse"
        },
        "frame": "task",
        "hidden": false,
        "icon": {
			"count": 1,
            "id": "minecraft:end_rod"
        },
        "show_toast": true,
        "title": {
            "translate": "advancement.dnt.end.find_end_lighthouse.title",
            "fallback": "The Light at the End of the Game"
        }
    },
    "requirements": [
        [
            "end_lighthouse"
        ]
    ],
    "sends_telemetry_event": false
}
