{
  "type": "minecraft:chest",
  "pools": [
    {
      "rolls": 2,
      "bonus_rolls": 0.0,
      "entries": [
        {
          "type": "minecraft:item",
          "functions": [
            {
              "function": "set_count",
              "count": {
                "max": 4,
                "min": 2,
                "type": "uniform"
              }
            }
          ],
          "name": "minecraft:pale_hanging_moss"
        },
        {
          "type": "minecraft:item",
          "functions": [
            {
              "function": "minecraft:set_count",
              "count": {
                "type": "minecraft:uniform",
                "min": 2,
                "max": 3
              },
              "add": false
            }
          ],
          "name": "minecraft:pale_oak_sapling"
        },
        {
          "type": "minecraft:item",
          "functions": [
            {
              "function": "minecraft:set_count",
              "count": {
                "type": "minecraft:uniform",
                "min": 2,
                "max": 4
              },
              "add": false
            }
          ],
          "name": "minecraft:cobweb"
        }
      ]
    },
    {
      "rolls": 2,
      "bonus_rolls": 0.0,
      "entries": [
        {
          "type": "minecraft:item",
          "functions": [
            {
              "function": "minecraft:set_count",
              "count": {
                "type": "minecraft:uniform",
                "min": 1,
                "max": 2
              },
              "add": false
            }
          ],
          "name": "minecraft:gold_ingot"
        },
        {
          "type": "minecraft:item",
          "name": "minecraft:diamond"
        },
        {
          "type": "minecraft:item",
          "functions": [
            {
              "function": "minecraft:set_count",
              "count": {
                "type": "minecraft:uniform",
                "min": 1,
                "max": 2
              },
              "add": false
            }
          ],
          "name": "minecraft:iron_ingot"
        },
        {
          "type": "minecraft:item",
          "name": "minecraft:iron_horse_armor"
        },
		{
          "type": "minecraft:item",
          "name": "minecraft:copper_horse_armor"
        },
        {
          "type": "minecraft:item",
          "functions": [
            {
              "function": "minecraft:set_count",
              "count": {
                "type": "minecraft:uniform",
                "min": 2,
                "max": 4
              },
              "add": false
            }
          ],
          "name": "minecraft:charcoal"
        },
        {
          "type": "minecraft:item",
          "functions": [
            {
              "function": "minecraft:set_count",
              "count": {
                "type": "minecraft:uniform",
                "min": 1,
                "max": 3
              },
              "add": false
            }
          ],
          "name": "minecraft:beetroot"
        }
      ]
    },
    {
      "rolls": 1,
      "bonus_rolls": 0.0,
      "entries": [
        {
          "type": "minecraft:item",
          "name": "minecraft:iron_helmet",
          "weight": 2
        },
        {
          "type": "minecraft:item",
          "name": "minecraft:iron_chestplate"
        },
        {
          "type": "minecraft:item",
          "name": "minecraft:iron_leggings"
        },
        {
          "type": "minecraft:item",
          "name": "minecraft:iron_boots"
        },
        {
          "type": "minecraft:item",
          "name": "minecraft:iron_sword",
          "weight": 3
        },
        {
          "type": "minecraft:item",
          "name": "minecraft:iron_hoe",
          "weight": 3
        },
        {
          "type": "minecraft:item",
          "name": "minecraft:iron_pickaxe",
          "weight": 2
        },
        {
          "type": "minecraft:item",
          "name": "minecraft:iron_axe",
          "weight": 6
        },
        {
          "type": "minecraft:item",
          "name": "minecraft:copper_shovel"
        },
		{
          "type": "minecraft:item",
          "name": "minecraft:copper_helmet",
          "weight": 2
        },
        {
          "type": "minecraft:item",
          "name": "minecraft:copper_chestplate"
        },
        {
          "type": "minecraft:item",
          "name": "minecraft:copper_leggings"
        },
        {
          "type": "minecraft:item",
          "name": "minecraft:copper_boots"
        },
        {
          "type": "minecraft:item",
          "name": "minecraft:copper_sword",
          "weight": 3
        },
        {
          "type": "minecraft:item",
          "name": "minecraft:copper_hoe",
          "weight": 3
        },
        {
          "type": "minecraft:item",
          "name": "minecraft:copper_pickaxe",
          "weight": 2
        },
        {
          "type": "minecraft:item",
          "name": "minecraft:copper_axe",
          "weight": 6
        },
        {
          "type": "minecraft:item",
          "name": "minecraft:copper_shovel"
        }
      ],
      "conditions": [
        {
          "condition": "minecraft:random_chance",
          "chance": 0.75
        }
      ],
      "functions": [
        {
          "function": "minecraft:set_damage",
          "damage": {
            "max": 0.7,
            "min": 0.3,
            "type": "minecraft:uniform"
          }
        }
      ]
    },
    {
      "rolls": 1,
      "bonus_rolls": 0.0,
      "entries": [
        {
          "type": "minecraft:empty",
          "weight": 160
        },
        {
          "type": "item",
          "name": "minecraft:sentry_armor_trim_smithing_template",
          "weight": 2
        },
        {
          "type": "item",
          "name": "minecraft:vex_armor_trim_smithing_template",
          "weight": 2
        },
        {
          "type": "item",
          "name": "minecraft:creaking_heart",
          "weight": 10
        }
      ]
    }
  ],
  "functions": [
    {
      "function": "minecraft:reference",
      "name": "nova_structures:loot_modifier"
    }
  ]
}